Media Filename,Media Caption
media/E2743C64-6A62-4ADB-9445-165559BEBB89.jpg,""
media/F3427068-F843-4084-88CD-DA2BD14E5637.jpg,""
media/1771FB43-DBC8-428F-B7CB-EC8D589AF964.jpg,""
media/AB756F5F-4C71-4457-A154-D8E6C1FBE828.jpg,""
media/63464520-B882-4A2D-A85A-5F74FEDD93BB.jpg,""
media/402ED592-E7F9-44F3-B13D-7B6EA63505C4.jpg,""
media/00294AFE-7360-4ACA-889A-A2C1A1B1CE0A.jpg,""
media/1895DE6F-5FFE-4926-BC52-5DAE4E3E7713.jpg,""
media/5A21BA1D-55B8-4981-8F7E-863380F6D3D7.jpg,""
media/BCD6AEDB-3BDB-4C08-AE04-0E974C574D36.jpg,""
media/CE241319-F5BA-4E11-8378-0294CE22A3C1.jpg,""
